"file","group","parity"
"pages/account/accountDashboard.html","account","Legacy template inventoried; field/content comparison not completed"
"pages/account/accountHome.html","account","Legacy template inventoried; field/content comparison not completed"
"pages/account/subsidyClaimListForAccount.html","account","Legacy template inventoried; field/content comparison not completed"
"pages/account/uploadPaymentOrder.html","account","Legacy template inventoried; field/content comparison not completed"
"pages/admuser/addOffice.html","admuser","Legacy template inventoried; field/content comparison not completed"
"pages/admuser/addOfficer.html","admuser","Legacy template inventoried; field/content comparison not completed"
"pages/admuser/addSupplySourceForm.html","admuser","Legacy template inventoried; field/content comparison not completed"
"pages/admuser/addTankerForm.html","admuser","Legacy template inventoried; field/content comparison not completed"
"pages/admuser/addTankerSupplier.html","admuser","Legacy template inventoried; field/content comparison not completed"
"pages/admuser/addUser.html","admuser","Legacy template inventoried; field/content comparison not completed"
"pages/admuser/adminHome.html","admuser","Legacy template inventoried; field/content comparison not completed"
"pages/admuser/applicantList.html","admuser","Legacy template inventoried; field/content comparison not completed"
"pages/admuser/dashboard.html","admuser","Legacy template inventoried; field/content comparison not completed"
"pages/admuser/dashboardDistrictFacilityTypeWise.html","admuser","Legacy template inventoried; field/content comparison not completed"
"pages/admuser/dashboardDistrictWise.html","admuser","Legacy template inventoried; field/content comparison not completed"
"pages/admuser/dashboardFacilityWise.html","admuser","Legacy template inventoried; field/content comparison not completed"
"pages/admuser/dticList.html","admuser","Legacy template inventoried; field/content comparison not completed"
"pages/admuser/editOx1FormAdmin.html","admuser","Legacy template inventoried; field/content comparison not completed"
"pages/admuser/editOx2FormAdmin.html","admuser","Legacy template inventoried; field/content comparison not completed"
"pages/admuser/editOx3FormAdmin.html","admuser","Legacy template inventoried; field/content comparison not completed"
"pages/admuser/editOx4FormAdmin.html","admuser","Legacy template inventoried; field/content comparison not completed"
"pages/admuser/editSupplierAdmin.html","admuser","Legacy template inventoried; field/content comparison not completed"
"pages/admuser/editSupplyNameAdmin.html","admuser","Legacy template inventoried; field/content comparison not completed"
"pages/admuser/editSupplySourceForm.html","admuser","Legacy template inventoried; field/content comparison not completed"
"pages/admuser/editTankerForm.html","admuser","Legacy template inventoried; field/content comparison not completed"
"pages/admuser/externalOfficerList.html","admuser","Legacy template inventoried; field/content comparison not completed"
"pages/admuser/hoList.html","admuser","Legacy template inventoried; field/content comparison not completed"
"pages/admuser/officeList.html","admuser","Legacy template inventoried; field/content comparison not completed"
"pages/admuser/officerList.html","admuser","Legacy template inventoried; field/content comparison not completed"
"pages/admuser/ox1FormAdmin.html","admuser","Legacy template inventoried; field/content comparison not completed"
"pages/admuser/ox2FormAdmin.html","admuser","Legacy template inventoried; field/content comparison not completed"
"pages/admuser/ox3FormAdmin.html","admuser","Legacy template inventoried; field/content comparison not completed"
"pages/admuser/ox4FormAdmin.html","admuser","Legacy template inventoried; field/content comparison not completed"
"pages/admuser/resetPassword.html","admuser","Legacy template inventoried; field/content comparison not completed"
"pages/admuser/supplierNameListAdmin.html","admuser","Legacy template inventoried; field/content comparison not completed"
"pages/admuser/supplyNameListAdm.html","admuser","Legacy template inventoried; field/content comparison not completed"
"pages/admuser/supplySourceList.html","admuser","Legacy template inventoried; field/content comparison not completed"
"pages/admuser/tankerDetailsEntryFormAdmin.html","admuser","Legacy template inventoried; field/content comparison not completed"
"pages/admuser/tankerList.html","admuser","Legacy template inventoried; field/content comparison not completed"
"pages/admuser/tankerSupplierList.html","admuser","Legacy template inventoried; field/content comparison not completed"
"pages/admuser/userList.html","admuser","Legacy template inventoried; field/content comparison not completed"
"pages/admuser/viewApplicant.html","admuser","Legacy template inventoried; field/content comparison not completed"
"pages/admuser/viewDtic.html","admuser","Legacy template inventoried; field/content comparison not completed"
"pages/admuser/viewHo.html","admuser","Legacy template inventoried; field/content comparison not completed"
"pages/admuser/viewOffice.html","admuser","Legacy template inventoried; field/content comparison not completed"
"pages/admuser/viewOfficer.html","admuser","Legacy template inventoried; field/content comparison not completed"
"pages/admuser/viewSupplierAdmin.html","admuser","Legacy template inventoried; field/content comparison not completed"
"pages/admuser/viewSupplyNameAdmin.html","admuser","Legacy template inventoried; field/content comparison not completed"
"pages/admuser/viewUser.html","admuser","Legacy template inventoried; field/content comparison not completed"
"pages/admuser/viewZonal.html","admuser","Legacy template inventoried; field/content comparison not completed"
"pages/admuser/zonalList.html","admuser","Legacy template inventoried; field/content comparison not completed"
"pages/applicant/applicanthome.html","applicant","Legacy template inventoried; field/content comparison not completed"
"pages/applicant/dashboard.html","applicant","Legacy template inventoried; field/content comparison not completed"
"pages/applicant/fa/addUnitDetails.html","applicant","Legacy template inventoried; field/content comparison not completed"
"pages/applicant/fa/editFaFundingAssistanceForm.html","applicant","Legacy template inventoried; field/content comparison not completed"
"pages/applicant/fa/editFaIncubationPatentAssistanceForm.html","applicant","Legacy template inventoried; field/content comparison not completed"
"pages/applicant/fa/editFaLeaseAssistance.html","applicant","Legacy template inventoried; field/content comparison not completed"
"pages/applicant/fa/editFaNewMsmeFundAssistance.html","applicant","Legacy template inventoried; field/content comparison not completed"
"pages/applicant/fa/editFaNewStartupFundAssistance.html","applicant","Legacy template inventoried; field/content comparison not completed"
"pages/applicant/fa/editFaProductStartupAssistance.html","applicant","Legacy template inventoried; field/content comparison not completed"
"pages/applicant/fa/editFaStartupUserForm.html","applicant","Legacy template inventoried; field/content comparison not completed"
"pages/applicant/fa/editIncubatorAssistanceApplication.html","applicant","Legacy template inventoried; field/content comparison not completed"
"pages/applicant/fa/editIncubatorCapacityEnhancementForm.html","applicant","Legacy template inventoried; field/content comparison not completed"
"pages/applicant/fa/editIncubatorCenterDetailsForm.html","applicant","Legacy template inventoried; field/content comparison not completed"
"pages/applicant/fa/editIncubatorOrganizingEventForm.html","applicant","Legacy template inventoried; field/content comparison not completed"
"pages/applicant/fa/editIncubatorStartupFundingAssistanceForm.html","applicant","Legacy template inventoried; field/content comparison not completed"
"pages/applicant/fa/faAppliedApplicationApparelList.html","applicant","Legacy template inventoried; field/content comparison not completed"
"pages/applicant/fa/faAppliedApplicationUnitList.html","applicant","Legacy template inventoried; field/content comparison not completed"
"pages/applicant/fa/faAppliedApplicationUnitList_old.html","applicant","Legacy template inventoried; field/content comparison not completed"
"pages/applicant/fa/faAppliedApplicationUnitList_Org.html","applicant","Legacy template inventoried; field/content comparison not completed"
"pages/applicant/fa/faFundingAssistanceForm.html","applicant","Legacy template inventoried; field/content comparison not completed"
"pages/applicant/fa/faHistory.html","applicant","Legacy template inventoried; field/content comparison not completed"
"pages/applicant/fa/faHistoryApplicantLevel.html","applicant","Legacy template inventoried; field/content comparison not completed"
"pages/applicant/fa/faIncubationPatentAssistanceForm.html","applicant","Legacy template inventoried; field/content comparison not completed"
"pages/applicant/fa/faIndustrialProfileDetails.html","applicant","Legacy template inventoried; field/content comparison not completed"
"pages/applicant/fa/faIndustrialSchemeDetails.html","applicant","Legacy template inventoried; field/content comparison not completed"
"pages/applicant/fa/faIndustrialUnitDetails.html","applicant","Legacy template inventoried; field/content comparison not completed"
"pages/applicant/fa/faLeaseAssistance.html","applicant","Legacy template inventoried; field/content comparison not completed"
"pages/applicant/fa/faManageIncubatorDetailList.html","applicant","Legacy template inventoried; field/content comparison not completed"
"pages/applicant/fa/faManageIncubatorDetailListSc.html","applicant","Legacy template inventoried; field/content comparison not completed"
"pages/applicant/fa/faManageStartupFundAssistance.html","applicant","Legacy template inventoried; field/content comparison not completed"
"pages/applicant/fa/faManageStartupFundAssistanceSc.html","applicant","Legacy template inventoried; field/content comparison not completed"
"pages/applicant/fa/faManageStartupFundAssistanceScNew.html","applicant","Legacy template inventoried; field/content comparison not completed"
"pages/applicant/fa/faNewApplicantApparelForm.html","applicant","Legacy template inventoried; field/content comparison not completed"
"pages/applicant/fa/faNewApplicantUnitForm.html","applicant","Legacy template inventoried; field/content comparison not completed"
"pages/applicant/fa/faNewMsmeFundAssistance.html","applicant","Legacy template inventoried; field/content comparison not completed"
"pages/applicant/fa/faNewStartupFundAssistance.html","applicant","Legacy template inventoried; field/content comparison not completed"
"pages/applicant/fa/faNewStartupFundAssistance1.html","applicant","Legacy template inventoried; field/content comparison not completed"
"pages/applicant/fa/faProductStartupAssistance.html","applicant","Legacy template inventoried; field/content comparison not completed"
"pages/applicant/fa/faStartupUserForm.html","applicant","Legacy template inventoried; field/content comparison not completed"
"pages/applicant/fa/faTenCr_scheme.html","applicant","Legacy template inventoried; field/content comparison not completed"
"pages/applicant/fa/financialAssistanceTracking.html","applicant","Legacy template inventoried; field/content comparison not completed"
"pages/applicant/fa/incubatorAssistanceApplication.html","applicant","Legacy template inventoried; field/content comparison not completed"
"pages/applicant/fa/incubatorCapacityEnhancementForm.html","applicant","Legacy template inventoried; field/content comparison not completed"
"pages/applicant/fa/incubatorCenterDetailsForm.html","applicant","Legacy template inventoried; field/content comparison not completed"
"pages/applicant/fa/incubatorOrganizingEventForm.html","applicant","Legacy template inventoried; field/content comparison not completed"
"pages/applicant/fa/incubatorStartupFundingAssistanceForm.html","applicant","Legacy template inventoried; field/content comparison not completed"
"pages/applicant/fa/infraDevelopmetForm.html","applicant","Legacy template inventoried; field/content comparison not completed"
"pages/applicant/fa/printFAIncubatorFundingAssistance.html","applicant","Legacy template inventoried; field/content comparison not completed"
"pages/applicant/fa/printFAIncubatorFundingAssistanceSc.html","applicant","Legacy template inventoried; field/content comparison not completed"
"pages/applicant/fa/printFAStartupFundingAssistance.html","applicant","Legacy template inventoried; field/content comparison not completed"
"pages/applicant/fa/printFAStartupFundingAssistanceSc.html","applicant","Legacy template inventoried; field/content comparison not completed"
"pages/applicant/fa/querybydtic.html","applicant","Legacy template inventoried; field/content comparison not completed"
"pages/applicant/fa/viewfaacceptanceamountdetailunit.html","applicant","Legacy template inventoried; field/content comparison not completed"
"pages/applicant/fa/viewFADetailApparel.html","applicant","Legacy template inventoried; field/content comparison not completed"
"pages/applicant/fa/viewFADetailApparelNew.html","applicant","Legacy template inventoried; field/content comparison not completed"
"pages/applicant/fa/viewFADetailUnit.html","applicant","Legacy template inventoried; field/content comparison not completed"
"pages/applicant/fa/viewFADetailUnitNew.html","applicant","Legacy template inventoried; field/content comparison not completed"
"pages/applicant/fa/viewFADetailUnitNew2.html","applicant","Legacy template inventoried; field/content comparison not completed"
"pages/applicant/fa/viewfaDisbursementUnit.html","applicant","Legacy template inventoried; field/content comparison not completed"
"pages/applicant/fa/viewfaDisbursementUnit_Old.html","applicant","Legacy template inventoried; field/content comparison not completed"
"pages/applicant/fa/viewFADocumentsUploadApparel.html","applicant","Legacy template inventoried; field/content comparison not completed"
"pages/applicant/fa/viewFADocumentsUploadUnit.html","applicant","Legacy template inventoried; field/content comparison not completed"
"pages/applicant/fa/viewFADocUploadApparelForm.html","applicant","Legacy template inventoried; field/content comparison not completed"
"pages/applicant/fa/viewFADocUploadUnitForm.html","applicant","Legacy template inventoried; field/content comparison not completed"
"pages/applicant/fa/viewFASchemesApparel.html","applicant","Legacy template inventoried; field/content comparison not completed"
"pages/applicant/fa/viewFASchemesFormApparel.html","applicant","Legacy template inventoried; field/content comparison not completed"
"pages/applicant/fa/viewFASchemesFormUnit.html","applicant","Legacy template inventoried; field/content comparison not completed"
"pages/applicant/fa/viewFASchemesUnit.html","applicant","Legacy template inventoried; field/content comparison not completed"
"pages/applicant/id/annualPayments.html","applicant","Legacy template inventoried; field/content comparison not completed"
"pages/applicant/id/applicantAnnualPayment.html","applicant","Legacy template inventoried; field/content comparison not completed"
"pages/applicant/id/applicationList.html","applicant","Legacy template inventoried; field/content comparison not completed"
"pages/applicant/id/editIdDocumentsUpload.html","applicant","Legacy template inventoried; field/content comparison not completed"
"pages/applicant/id/enterCompliance.html","applicant","Legacy template inventoried; field/content comparison not completed"
"pages/applicant/id/enterConditionalComplianceIC.html","applicant","Legacy template inventoried; field/content comparison not completed"
"pages/applicant/id/enterConditionalComplianceZO.html","applicant","Legacy template inventoried; field/content comparison not completed"
"pages/applicant/id/eSignApplicationDetail.html","applicant","Legacy template inventoried; field/content comparison not completed"
"pages/applicant/id/idHistory.html","applicant","Legacy template inventoried; field/content comparison not completed"
"pages/applicant/id/idInstruction.html","applicant","Legacy template inventoried; field/content comparison not completed"
"pages/applicant/id/idInstructionUL.html","applicant","Legacy template inventoried; field/content comparison not completed"
"pages/applicant/id/LandTransferList.html","applicant","Legacy template inventoried; field/content comparison not completed"
"pages/applicant/id/newAppeal.html","applicant","Legacy template inventoried; field/content comparison not completed"
"pages/applicant/id/newAppealForIC.html","applicant","Legacy template inventoried; field/content comparison not completed"
"pages/applicant/id/noticeAppealList.html","applicant","Legacy template inventoried; field/content comparison not completed"
"pages/applicant/id/onlinePayment.html","applicant","Legacy template inventoried; field/content comparison not completed"
"pages/applicant/id/onlinePaymentCheckStatusAll.html","applicant","Legacy template inventoried; field/content comparison not completed"
"pages/applicant/id/onlinePaymentEnquiry.html","applicant","Legacy template inventoried; field/content comparison not completed"
"pages/applicant/id/onlinePaymentEnquiry_oldifmis.html","applicant","Legacy template inventoried; field/content comparison not completed"
"pages/applicant/id/onlinePaymentRedirection.html","applicant","Legacy template inventoried; field/content comparison not completed"
"pages/applicant/id/onlinePaymentRedirection2.html","applicant","Legacy template inventoried; field/content comparison not completed"
"pages/applicant/id/onlinePaymentRedirection_csfms.html","applicant","Legacy template inventoried; field/content comparison not completed"
"pages/applicant/id/onlinePaymentRemainingFees.html","applicant","Legacy template inventoried; field/content comparison not completed"
"pages/applicant/id/onlinePaymentResponse.html","applicant","Legacy template inventoried; field/content comparison not completed"
"pages/applicant/id/onlinePaymentResponseRemainingApplicationFees.html","applicant","Legacy template inventoried; field/content comparison not completed"
"pages/applicant/id/onlinePaymentResponse_csfms.html","applicant","Legacy template inventoried; field/content comparison not completed"
"pages/applicant/id/onlinePayment_csfms.html","applicant","Legacy template inventoried; field/content comparison not completed"
"pages/applicant/id/paymenttxndetailstatus.html","applicant","Legacy template inventoried; field/content comparison not completed"
"pages/applicant/id/queryReplyByApplicant.html","applicant","Legacy template inventoried; field/content comparison not completed"
"pages/applicant/id/reviewAnnualPayment.html","applicant","Legacy template inventoried; field/content comparison not completed"
"pages/applicant/id/reviewAppealPayment.html","applicant","Legacy template inventoried; field/content comparison not completed"
"pages/applicant/id/reviewLocPayment.html","applicant","Legacy template inventoried; field/content comparison not completed"
"pages/applicant/id/tenderDetails.html","applicant","Legacy template inventoried; field/content comparison not completed"
"pages/applicant/id/transactionsList.html","applicant","Legacy template inventoried; field/content comparison not completed"
"pages/applicant/id/uploadLOCLetter.html","applicant","Legacy template inventoried; field/content comparison not completed"
"pages/applicant/id/uploadPossessionLetter.html","applicant","Legacy template inventoried; field/content comparison not completed"
"pages/applicant/id/vacantLandApplyDetail.html","applicant","Legacy template inventoried; field/content comparison not completed"
"pages/applicant/id/vacantLandApplyDetail2.html","applicant","Legacy template inventoried; field/content comparison not completed"
"pages/applicant/id/vacantLandApplyForm.html","applicant","Legacy template inventoried; field/content comparison not completed"
"pages/applicant/id/vacantLandApplyForm1.html","applicant","Legacy template inventoried; field/content comparison not completed"
"pages/applicant/id/vacantLandEditDetail.html","applicant","Legacy template inventoried; field/content comparison not completed"
"pages/applicant/id/vacantLandList.html","applicant","Legacy template inventoried; field/content comparison not completed"
"pages/applicant/id/vacantLandListUN.html","applicant","Legacy template inventoried; field/content comparison not completed"
"pages/applicant/id/viewAnnualPaymentDetails.html","applicant","Legacy template inventoried; field/content comparison not completed"
"pages/applicant/id/viewAnnualPaymentHistory.html","applicant","Legacy template inventoried; field/content comparison not completed"
"pages/applicant/id/viewAppeal.html","applicant","Legacy template inventoried; field/content comparison not completed"
"pages/applicant/id/viewAppealForIC.html","applicant","Legacy template inventoried; field/content comparison not completed"
"pages/applicant/id/viewAppealHearing.html","applicant","Legacy template inventoried; field/content comparison not completed"
"pages/applicant/id/viewApplicationDetail.html","applicant","Legacy template inventoried; field/content comparison not completed"
"pages/applicant/id/viewCompliance.html","applicant","Legacy template inventoried; field/content comparison not completed"
"pages/applicant/id/viewICConditionalDecision.html","applicant","Legacy template inventoried; field/content comparison not completed"
"pages/applicant/id/viewIdDocumentsUpload.html","applicant","Legacy template inventoried; field/content comparison not completed"
"pages/applicant/id/viewIdDocumentsUpload2.html","applicant","Legacy template inventoried; field/content comparison not completed"
"pages/applicant/id/viewIdDocUploadForm.html","applicant","Legacy template inventoried; field/content comparison not completed"
"pages/applicant/id/viewIdDocUploadForm1.html","applicant","Legacy template inventoried; field/content comparison not completed"
"pages/applicant/id/viewLOCDetails.html","applicant","Legacy template inventoried; field/content comparison not completed"
"pages/applicant/id/viewZOConditionalDecision.html","applicant","Legacy template inventoried; field/content comparison not completed"
"pages/applicant/incubatorApplicantDashboard.html","applicant","Legacy template inventoried; field/content comparison not completed"
"pages/applicant/incubatorApplicantHome.html","applicant","Legacy template inventoried; field/content comparison not completed"
"pages/applicant/mpidcServices.html","applicant","Legacy template inventoried; field/content comparison not completed"
"pages/applicant/msme/viewlargescaleform.html","applicant","Legacy template inventoried; field/content comparison not completed"
"pages/applicant/msme/viewmsmedetail.html","applicant","Legacy template inventoried; field/content comparison not completed"
"pages/applicant/msme/viewmsmeform.html","applicant","Legacy template inventoried; field/content comparison not completed"
"pages/applicant/selfemployment/businessMaterial.html","applicant","Legacy template inventoried; field/content comparison not completed"
"pages/applicant/selfemployment/contacttype.html","applicant","Legacy template inventoried; field/content comparison not completed"
"pages/applicant/selfemployment/error.html","applicant","Legacy template inventoried; field/content comparison not completed"
"pages/applicant/selfemployment/machinecapital.html","applicant","Legacy template inventoried; field/content comparison not completed"
"pages/applicant/selfemployment/mpselfemploymenteditform.html","applicant","Legacy template inventoried; field/content comparison not completed"
"pages/applicant/selfemployment/mpselfemploymentform.html","applicant","Legacy template inventoried; field/content comparison not completed"
"pages/applicant/selfemployment/mpselfemploymentlist.html","applicant","Legacy template inventoried; field/content comparison not completed"
"pages/applicant/selfemployment/printMMSYPage.html","applicant","Legacy template inventoried; field/content comparison not completed"
"pages/applicant/selfemployment/printYUPage.html","applicant","Legacy template inventoried; field/content comparison not completed"
"pages/applicant/selfemployment/proposedmonthlycapacity.html","applicant","Legacy template inventoried; field/content comparison not completed"
"pages/applicant/selfemployment/rawmaterial.html","applicant","Legacy template inventoried; field/content comparison not completed"
"pages/applicant/selfemployment/shopCapital.html","applicant","Legacy template inventoried; field/content comparison not completed"
"pages/applicant/selfemployment/viewBusinessScheme.html","applicant","Legacy template inventoried; field/content comparison not completed"
"pages/applicant/selfemployment/viewBusinessSchemeForm.html","applicant","Legacy template inventoried; field/content comparison not completed"
"pages/applicant/selfemployment/viewdocumentsupload.html","applicant","Legacy template inventoried; field/content comparison not completed"
"pages/applicant/selfemployment/viewdocumentsuploadform.html","applicant","Legacy template inventoried; field/content comparison not completed"
"pages/applicant/selfemployment/viewEditBusinessScheme.html","applicant","Legacy template inventoried; field/content comparison not completed"
"pages/applicant/selfemployment/vieweditdocumentsupload.html","applicant","Legacy template inventoried; field/content comparison not completed"
"pages/applicant/selfemployment/vieweditprojectreport.html","applicant","Legacy template inventoried; field/content comparison not completed"
"pages/applicant/selfemployment/vieweditserviceorindustryscheme.html","applicant","Legacy template inventoried; field/content comparison not completed"
"pages/applicant/selfemployment/viewEditYuvaDocumentsUpload.html","applicant","Legacy template inventoried; field/content comparison not completed"
"pages/applicant/selfemployment/viewedityuvaprojectreport.html","applicant","Legacy template inventoried; field/content comparison not completed"
"pages/applicant/selfemployment/viewprojectreport.html","applicant","Legacy template inventoried; field/content comparison not completed"
"pages/applicant/selfemployment/viewprojectreportform.html","applicant","Legacy template inventoried; field/content comparison not completed"
"pages/applicant/selfemployment/viewselfemploymentdetail.html","applicant","Legacy template inventoried; field/content comparison not completed"
"pages/applicant/selfemployment/viewserviceorindustryscheme.html","applicant","Legacy template inventoried; field/content comparison not completed"
"pages/applicant/selfemployment/viewserviceorindustryschemeform.html","applicant","Legacy template inventoried; field/content comparison not completed"
"pages/applicant/selfemployment/viewYuvaDocUpload.html","applicant","Legacy template inventoried; field/content comparison not completed"
"pages/applicant/selfemployment/viewYuvaDocUploadForm.html","applicant","Legacy template inventoried; field/content comparison not completed"
"pages/applicant/selfemployment/viewyuvaeditprojectreport.html","applicant","Legacy template inventoried; field/content comparison not completed"
"pages/applicant/selfemployment/viewyuvaprojectreport.html","applicant","Legacy template inventoried; field/content comparison not completed"
"pages/applicant/selfemployment/viewyuvaprojectreportform.html","applicant","Legacy template inventoried; field/content comparison not completed"
"pages/applicant/selfemployment/viewYuvaUdyamiDetail.html","applicant","Legacy template inventoried; field/content comparison not completed"
"pages/applicant/selfemployment/yuvaUdyamiEditForm.html","applicant","Legacy template inventoried; field/content comparison not completed"
"pages/applicant/selfemployment/yuvaUdyamiForm.html","applicant","Legacy template inventoried; field/content comparison not completed"
"pages/applicant/selfemployment/yuvaUdymaniList.html","applicant","Legacy template inventoried; field/content comparison not completed"
"pages/applicant/startupApplicantDashboard.html","applicant","Legacy template inventoried; field/content comparison not completed"
"pages/applicant/startupApplicantHome.html","applicant","Legacy template inventoried; field/content comparison not completed"
"pages/audit/addNewOfficer.html","audit","Legacy template inventoried; field/content comparison not completed"
"pages/audit/agExternalAuditEnterOpinion.html","audit","Legacy template inventoried; field/content comparison not completed"
"pages/audit/agFactualDetailEnterOpinion.html","audit","Legacy template inventoried; field/content comparison not completed"
"pages/audit/agProformaClauseEnterOpinion.html","audit","Legacy template inventoried; field/content comparison not completed"
"pages/audit/auditHome.html","audit","Legacy template inventoried; field/content comparison not completed"
"pages/audit/auditOfficerHome.html","audit","Legacy template inventoried; field/content comparison not completed"
"pages/audit/auditRosterList.html","audit","Legacy template inventoried; field/content comparison not completed"
"pages/audit/auditRosterListForHO.html","audit","Legacy template inventoried; field/content comparison not completed"
"pages/audit/auditRosterListForOfficer.html","audit","Legacy template inventoried; field/content comparison not completed"
"pages/audit/cagIndiaReportForm.html","audit","Legacy template inventoried; field/content comparison not completed"
"pages/audit/cagReportEnterAssSecOpinion.html","audit","Legacy template inventoried; field/content comparison not completed"
"pages/audit/cagReportListForHO.html","audit","Legacy template inventoried; field/content comparison not completed"
"pages/audit/createAuditRoster.html","audit","Legacy template inventoried; field/content comparison not completed"
"pages/audit/dashboard.html","audit","Legacy template inventoried; field/content comparison not completed"
"pages/audit/editAuditRoster.html","audit","Legacy template inventoried; field/content comparison not completed"
"pages/audit/externalAuditForm.html","audit","Legacy template inventoried; field/content comparison not completed"
"pages/audit/externalAuditListForHO.html","audit","Legacy template inventoried; field/content comparison not completed"
"pages/audit/factualDetailForm.html","audit","Legacy template inventoried; field/content comparison not completed"
"pages/audit/factualDetailListForHO.html","audit","Legacy template inventoried; field/content comparison not completed"
"pages/audit/generateAuditRoster.html","audit","Legacy template inventoried; field/content comparison not completed"
"pages/audit/internalAuditForm.html","audit","Legacy template inventoried; field/content comparison not completed"
"pages/audit/internalAuditListForHO.html","audit","Legacy template inventoried; field/content comparison not completed"
"pages/audit/officerDetails.html","audit","Legacy template inventoried; field/content comparison not completed"
"pages/audit/pacReportEnterLAOpinionForm.html","audit","Legacy template inventoried; field/content comparison not completed"
"pages/audit/pacReportForm.html","audit","Legacy template inventoried; field/content comparison not completed"
"pages/audit/pacReportListForHO.html","audit","Legacy template inventoried; field/content comparison not completed"
"pages/audit/printOfficerDetails.html","audit","Legacy template inventoried; field/content comparison not completed"
"pages/audit/printOfficerList.html","audit","Legacy template inventoried; field/content comparison not completed"
"pages/audit/proformaClauseForm.html","audit","Legacy template inventoried; field/content comparison not completed"
"pages/audit/proformaClauseListForHO.html","audit","Legacy template inventoried; field/content comparison not completed"
"pages/audit/viewAuditRoster.html","audit","Legacy template inventoried; field/content comparison not completed"
"pages/audit/viewCagIndiaReport.html","audit","Legacy template inventoried; field/content comparison not completed"
"pages/audit/viewExternalAuditDetails.html","audit","Legacy template inventoried; field/content comparison not completed"
"pages/audit/viewFactualDetails.html","audit","Legacy template inventoried; field/content comparison not completed"
"pages/audit/viewInternalAuditDetails.html","audit","Legacy template inventoried; field/content comparison not completed"
"pages/audit/viewOfficerDetails.html","audit","Legacy template inventoried; field/content comparison not completed"
"pages/audit/viewPacReport.html","audit","Legacy template inventoried; field/content comparison not completed"
"pages/audit/viewProformaClause.html","audit","Legacy template inventoried; field/content comparison not completed"
"pages/bank/acceptedapplicantlist.html","bank","Legacy template inventoried; field/content comparison not completed"
"pages/bank/acceptedyuvaudhamiapplicants.html","bank","Legacy template inventoried; field/content comparison not completed"
"pages/bank/acceptrejectform.html","bank","Legacy template inventoried; field/content comparison not completed"
"pages/bank/addBankDetails.html","bank","Legacy template inventoried; field/content comparison not completed"
"pages/bank/applicantlist.html","bank","Legacy template inventoried; field/content comparison not completed"
"pages/bank/bankhome.html","bank","Legacy template inventoried; field/content comparison not completed"
"pages/bank/banksList.html","bank","Legacy template inventoried; field/content comparison not completed"
"pages/bank/dashboard.html","bank","Legacy template inventoried; field/content comparison not completed"
"pages/bank/error.html","bank","Legacy template inventoried; field/content comparison not completed"
"pages/bank/inprocessyuvaudhamiapplicants.html","bank","Legacy template inventoried; field/content comparison not completed"
"pages/bank/marginmoneycommentform.html","bank","Legacy template inventoried; field/content comparison not completed"
"pages/bank/marginmoneycommentlist.html","bank","Legacy template inventoried; field/content comparison not completed"
"pages/bank/viewapplicantdetail.html","bank","Legacy template inventoried; field/content comparison not completed"
"pages/bank/viewapplicantdocuments.html","bank","Legacy template inventoried; field/content comparison not completed"
"pages/bank/viewBusinessScheme.html","bank","Legacy template inventoried; field/content comparison not completed"
"pages/bank/viewprojectreport.html","bank","Legacy template inventoried; field/content comparison not completed"
"pages/bank/viewprojectreportpending.html","bank","Legacy template inventoried; field/content comparison not completed"
"pages/bank/viewserviceorindustryscheme.html","bank","Legacy template inventoried; field/content comparison not completed"
"pages/bank/viewyuprojectreport.html","bank","Legacy template inventoried; field/content comparison not completed"
"pages/bank/yuvaudhamiapplicantlist.html","bank","Legacy template inventoried; field/content comparison not completed"
"pages/blank.html","blank.html","Legacy template inventoried; field/content comparison not completed"
"pages/budgetPlanning/dashboard.html","budgetPlanning","Legacy template inventoried; field/content comparison not completed"
"pages/budgetPlanning/dticBudgetAllocation.html","budgetPlanning","Legacy template inventoried; field/content comparison not completed"
"pages/budgetPlanning/dticBudgetDetails.html","budgetPlanning","Legacy template inventoried; field/content comparison not completed"
"pages/budgetPlanning/dticDemandDetails.html","budgetPlanning","Legacy template inventoried; field/content comparison not completed"
"pages/budgetPlanning/dticHeadsBudgetDetails.html","budgetPlanning","Legacy template inventoried; field/content comparison not completed"
"pages/budgetPlanning/dticUsesSurrenderDetails.html","budgetPlanning","Legacy template inventoried; field/content comparison not completed"
"pages/budgetPlanning/hoBudgetAllocation.html","budgetPlanning","Legacy template inventoried; field/content comparison not completed"
"pages/budgetPlanning/hoBudgetDetails.html","budgetPlanning","Legacy template inventoried; field/content comparison not completed"
"pages/budgetPlanning/hoHeadsBudgetDetails.html","budgetPlanning","Legacy template inventoried; field/content comparison not completed"
"pages/budgetPlanning/newDTICHeadsBudgetAllocation.html","budgetPlanning","Legacy template inventoried; field/content comparison not completed"
"pages/budgetPlanning/newHoHeadsBudgetAllocation.html","budgetPlanning","Legacy template inventoried; field/content comparison not completed"
"pages/budgetPlanning/planningHome.html","budgetPlanning","Legacy template inventoried; field/content comparison not completed"
"pages/budgetPlanning/printDTICDemand.html","budgetPlanning","Legacy template inventoried; field/content comparison not completed"
"pages/budgetPlanning/printDTICHeadsBudgetAllocation.html","budgetPlanning","Legacy template inventoried; field/content comparison not completed"
"pages/budgetPlanning/printDTICHeadsBudgetDetails.html","budgetPlanning","Legacy template inventoried; field/content comparison not completed"
"pages/budgetPlanning/printDTICHeadsBudgetDetailsFY.html","budgetPlanning","Legacy template inventoried; field/content comparison not completed"
"pages/budgetPlanning/printHoHeadsBudgetAllocation.html","budgetPlanning","Legacy template inventoried; field/content comparison not completed"
"pages/budgetPlanning/printHOHeadsBudgetDetails.html","budgetPlanning","Legacy template inventoried; field/content comparison not completed"
"pages/budgetPlanning/viewDTICBudget.html","budgetPlanning","Legacy template inventoried; field/content comparison not completed"
"pages/budgetPlanning/viewDTICDemand.html","budgetPlanning","Legacy template inventoried; field/content comparison not completed"
"pages/budgetPlanning/viewDTICHeadsBudgetAllocation.html","budgetPlanning","Legacy template inventoried; field/content comparison not completed"
"pages/budgetPlanning/viewDTICUsesSurrenderDetails.html","budgetPlanning","Legacy template inventoried; field/content comparison not completed"
"pages/budgetPlanning/viewHOBudget.html","budgetPlanning","Legacy template inventoried; field/content comparison not completed"
"pages/budgetPlanning/viewHoHeadsBudgetAllocation.html","budgetPlanning","Legacy template inventoried; field/content comparison not completed"
"pages/cmcs/cmcsHistory.html","cmcs","Legacy template inventoried; field/content comparison not completed"
"pages/cmcs/cmcsHoHome.html","cmcs","Legacy template inventoried; field/content comparison not completed"
"pages/cmcs/cmcsHome.html","cmcs","Legacy template inventoried; field/content comparison not completed"
"pages/cmcs/createLetter.html","cmcs","Legacy template inventoried; field/content comparison not completed"
"pages/cmcs/dashboard.html","cmcs","Legacy template inventoried; field/content comparison not completed"
"pages/cmcs/letterList.html","cmcs","Legacy template inventoried; field/content comparison not completed"
"pages/cmcs/updateProcess.html","cmcs","Legacy template inventoried; field/content comparison not completed"
"pages/cmcs/viewLetter.html","cmcs","Legacy template inventoried; field/content comparison not completed"
"pages/collector/approved.html","collector","Legacy template inventoried; field/content comparison not completed"
"pages/collector/batches.html","collector","Legacy template inventoried; field/content comparison not completed"
"pages/collector/batchSign.html","collector","Legacy template inventoried; field/content comparison not completed"
"pages/collector/collectorhome.html","collector","Legacy template inventoried; field/content comparison not completed"
"pages/collector/dashboard.html","collector","Legacy template inventoried; field/content comparison not completed"
"pages/collector/detail.html","collector","Legacy template inventoried; field/content comparison not completed"
"pages/collector/esignApproval.html","collector","Legacy template inventoried; field/content comparison not completed"
"pages/committeMember/applicantListForm.html","committeMember","Legacy template inventoried; field/content comparison not completed"
"pages/committeMember/dashboard.html","committeMember","Legacy template inventoried; field/content comparison not completed"
"pages/committeMember/editEvaluation.html","committeMember","Legacy template inventoried; field/content comparison not completed"
"pages/committeMember/evaluation.html","committeMember","Legacy template inventoried; field/content comparison not completed"
"pages/committeMember/evalutionStageform.html","committeMember","Legacy template inventoried; field/content comparison not completed"
"pages/common.html","common.html","Legacy template inventoried; field/content comparison not completed"
"pages/coordination/addNewInspectionOffice.html","coordination","Legacy template inventoried; field/content comparison not completed"
"pages/coordination/addNewOfficer.html","coordination","Legacy template inventoried; field/content comparison not completed"
"pages/coordination/coordinationHome.html","coordination","Legacy template inventoried; field/content comparison not completed"
"pages/coordination/dashboard.html","coordination","Legacy template inventoried; field/content comparison not completed"
"pages/coordination/ddHome.html","coordination","Legacy template inventoried; field/content comparison not completed"
"pages/coordination/ddInspectionDetails.html","coordination","Legacy template inventoried; field/content comparison not completed"
"pages/coordination/ddViewInspectionDetails.html","coordination","Legacy template inventoried; field/content comparison not completed"
"pages/coordination/inspectionDetails.html","coordination","Legacy template inventoried; field/content comparison not completed"
"pages/coordination/inspectionOfficeDetails.html","coordination","Legacy template inventoried; field/content comparison not completed"
"pages/coordination/jdHome.html","coordination","Legacy template inventoried; field/content comparison not completed"
"pages/coordination/jdInspectionDetails.html","coordination","Legacy template inventoried; field/content comparison not completed"
"pages/coordination/jdViewInspectionDetails.html","coordination","Legacy template inventoried; field/content comparison not completed"
"pages/coordination/officerDetails.html","coordination","Legacy template inventoried; field/content comparison not completed"
"pages/coordination/officerHome.html","coordination","Legacy template inventoried; field/content comparison not completed"
"pages/coordination/officerInspectionDetails.html","coordination","Legacy template inventoried; field/content comparison not completed"
"pages/coordination/officerUploadRoster.html","coordination","Legacy template inventoried; field/content comparison not completed"
"pages/coordination/printInspectionDetails.html","coordination","Legacy template inventoried; field/content comparison not completed"
"pages/coordination/printInspectionOffice.html","coordination","Legacy template inventoried; field/content comparison not completed"
"pages/coordination/printInspectionOfficesList.html","coordination","Legacy template inventoried; field/content comparison not completed"
"pages/coordination/printInspectionRoster.html","coordination","Legacy template inventoried; field/content comparison not completed"
"pages/coordination/printInspectionsList.html","coordination","Legacy template inventoried; field/content comparison not completed"
"pages/coordination/printOfficerDetails.html","coordination","Legacy template inventoried; field/content comparison not completed"
"pages/coordination/printOfficerList.html","coordination","Legacy template inventoried; field/content comparison not completed"
"pages/coordination/viewInspectionDetails.html","coordination","Legacy template inventoried; field/content comparison not completed"
"pages/coordination/viewInspectionOffice.html","coordination","Legacy template inventoried; field/content comparison not completed"
"pages/coordination/viewInspectionRoster.html","coordination","Legacy template inventoried; field/content comparison not completed"
"pages/coordination/viewOfficerDetails.html","coordination","Legacy template inventoried; field/content comparison not completed"
"pages/coordination/viewOfficerInspectionDetails.html","coordination","Legacy template inventoried; field/content comparison not completed"
"pages/custom/customerrorpage.html","custom","Legacy template inventoried; field/content comparison not completed"
"pages/customError.html","customError.html","Legacy template inventoried; field/content comparison not completed"
"pages/dtfc/acceptedapplicantlist.html","dtfc","Legacy template inventoried; field/content comparison not completed"
"pages/dtfc/applicantlist.html","dtfc","Legacy template inventoried; field/content comparison not completed"
"pages/dtfc/dashboard.html","dtfc","Legacy template inventoried; field/content comparison not completed"
"pages/dtfc/dtfchome.html","dtfc","Legacy template inventoried; field/content comparison not completed"
"pages/dtfc/error.html","dtfc","Legacy template inventoried; field/content comparison not completed"
"pages/dtfc/inprocessapplicantlist.html","dtfc","Legacy template inventoried; field/content comparison not completed"
"pages/dtfc/inprocessyuvaudhamiapplicants.html","dtfc","Legacy template inventoried; field/content comparison not completed"
"pages/dtfc/marginmoneycommentform.html","dtfc","Legacy template inventoried; field/content comparison not completed"
"pages/dtfc/marginmoneycommentlist.html","dtfc","Legacy template inventoried; field/content comparison not completed"
"pages/dtfc/noapplicantdetailfound.html","dtfc","Legacy template inventoried; field/content comparison not completed"
"pages/dtfc/viewapplicantdetail.html","dtfc","Legacy template inventoried; field/content comparison not completed"
"pages/dtfc/viewapplicantdocuments.html","dtfc","Legacy template inventoried; field/content comparison not completed"
"pages/dtfc/viewBusinessScheme.html","dtfc","Legacy template inventoried; field/content comparison not completed"
"pages/dtfc/viewprojectreport.html","dtfc","Legacy template inventoried; field/content comparison not completed"
"pages/dtfc/viewprojectreportpending.html","dtfc","Legacy template inventoried; field/content comparison not completed"
"pages/dtfc/viewserviceorindustryscheme.html","dtfc","Legacy template inventoried; field/content comparison not completed"
"pages/dtfc/yuvaudhamiapplicantlist.html","dtfc","Legacy template inventoried; field/content comparison not completed"
"pages/dtic/addSupplyNameForm.html","dtic","Legacy template inventoried; field/content comparison not completed"
"pages/dtic/addSupplyNameForm_bkp.html","dtic","Legacy template inventoried; field/content comparison not completed"
"pages/dtic/allapplicationslist.html","dtic","Legacy template inventoried; field/content comparison not completed"
"pages/dtic/aoCancellation.html","dtic","Legacy template inventoried; field/content comparison not completed"
"pages/dtic/applicantlist.html","dtic","Legacy template inventoried; field/content comparison not completed"
"pages/dtic/applicationslistbystatus.html","dtic","Legacy template inventoried; field/content comparison not completed"
"pages/dtic/audit/dticExternalAuditEnterOpinion.html","dtic","Legacy template inventoried; field/content comparison not completed"
"pages/dtic/audit/dticFactualDetailEnterOpinion.html","dtic","Legacy template inventoried; field/content comparison not completed"
"pages/dtic/audit/dticInternalAuditEnterOpinion.html","dtic","Legacy template inventoried; field/content comparison not completed"
"pages/dtic/audit/dticProformaClauseEnterOpinion.html","dtic","Legacy template inventoried; field/content comparison not completed"
"pages/dtic/audit/externalAuditListForDTIC.html","dtic","Legacy template inventoried; field/content comparison not completed"
"pages/dtic/audit/factualDetailListForDTIC.html","dtic","Legacy template inventoried; field/content comparison not completed"
"pages/dtic/audit/internalAuditListForDTIC.html","dtic","Legacy template inventoried; field/content comparison not completed"
"pages/dtic/audit/proformaClauseListForDTIC.html","dtic","Legacy template inventoried; field/content comparison not completed"
"pages/dtic/budgetPlanning/allocatedBudgetDetails.html","dtic","Legacy template inventoried; field/content comparison not completed"
"pages/dtic/budgetPlanning/demandBudgetDetails.html","dtic","Legacy template inventoried; field/content comparison not completed"
"pages/dtic/budgetPlanning/generateBudgetDemand.html","dtic","Legacy template inventoried; field/content comparison not completed"
"pages/dtic/budgetPlanning/headsBudgetDetails.html","dtic","Legacy template inventoried; field/content comparison not completed"
"pages/dtic/budgetPlanning/printBudgetDemand.html","dtic","Legacy template inventoried; field/content comparison not completed"
"pages/dtic/budgetPlanning/printUsesSurrender.html","dtic","Legacy template inventoried; field/content comparison not completed"
"pages/dtic/budgetPlanning/usesSurrenderDetails.html","dtic","Legacy template inventoried; field/content comparison not completed"
"pages/dtic/budgetPlanning/viewAllocatedBudgetDemand.html","dtic","Legacy template inventoried; field/content comparison not completed"
"pages/dtic/budgetPlanning/viewBudgetDemand.html","dtic","Legacy template inventoried; field/content comparison not completed"
"pages/dtic/budgetPlanning/viewUsesSurrender.html","dtic","Legacy template inventoried; field/content comparison not completed"
"pages/dtic/completeDataOfLandApplicant.html","dtic","Legacy template inventoried; field/content comparison not completed"
"pages/dtic/coordination/inspectionDetails.html","dtic","Legacy template inventoried; field/content comparison not completed"
"pages/dtic/coordination/printRoster.html","dtic","Legacy template inventoried; field/content comparison not completed"
"pages/dtic/coordination/viewEditRoster.html","dtic","Legacy template inventoried; field/content comparison not completed"
"pages/dtic/coordination/viewRoster.html","dtic","Legacy template inventoried; field/content comparison not completed"
"pages/dtic/createCollectorRate.html","dtic","Legacy template inventoried; field/content comparison not completed"
"pages/dtic/createIndustrialArea.html","dtic","Legacy template inventoried; field/content comparison not completed"
"pages/dtic/createIndustrialAreaRate.html","dtic","Legacy template inventoried; field/content comparison not completed"
"pages/dtic/dashboard.html","dtic","Legacy template inventoried; field/content comparison not completed"
"pages/dtic/dontCancelPage.html","dtic","Legacy template inventoried; field/content comparison not completed"
"pages/dtic/dtichome.html","dtic","Legacy template inventoried; field/content comparison not completed"
"pages/dtic/dticlegacyData.html","dtic","Legacy template inventoried; field/content comparison not completed"
"pages/dtic/dticVacantLandForm.html","dtic","Legacy template inventoried; field/content comparison not completed"
"pages/dtic/dticVacantLandList.html","dtic","Legacy template inventoried; field/content comparison not completed"
"pages/dtic/dticViewEditLegacyData.html","dtic","Legacy template inventoried; field/content comparison not completed"
"pages/dtic/editIndustrialArea.html","dtic","Legacy template inventoried; field/content comparison not completed"
"pages/dtic/editVacantLandForm.html","dtic","Legacy template inventoried; field/content comparison not completed"
"pages/dtic/enrolment/enrolmentList.html","dtic","Legacy template inventoried; field/content comparison not completed"
"pages/dtic/enrolment/viewenrolmentform.html","dtic","Legacy template inventoried; field/content comparison not completed"
"pages/dtic/enrolmentList.html","dtic","Legacy template inventoried; field/content comparison not completed"
"pages/dtic/error.html","dtic","Legacy template inventoried; field/content comparison not completed"
"pages/dtic/EsignPaymentPendencyReport.html","dtic","Legacy template inventoried; field/content comparison not completed"
"pages/dtic/eSignViewAllotmentLetter.html","dtic","Legacy template inventoried; field/content comparison not completed"
"pages/dtic/faacceptanceamountdetailapparel.html","dtic","Legacy template inventoried; field/content comparison not completed"
"pages/dtic/faacceptanceamountdetailunit.html","dtic","Legacy template inventoried; field/content comparison not completed"
"pages/dtic/faacceptanceamountdetailunit2.html","dtic","Legacy template inventoried; field/content comparison not completed"
"pages/dtic/faCommitteesStatusUnit.html","dtic","Legacy template inventoried; field/content comparison not completed"
"pages/dtic/faCommitteeStatusUnit.html","dtic","Legacy template inventoried; field/content comparison not completed"
"pages/dtic/faDisbursementUnit.html","dtic","Legacy template inventoried; field/content comparison not completed"
"pages/dtic/faDisbursementUnitOldOrg.html","dtic","Legacy template inventoried; field/content comparison not completed"
"pages/dtic/faInspectionStatusUnit.html","dtic","Legacy template inventoried; field/content comparison not completed"
"pages/dtic/faOtherUploadDocuments.html","dtic","Legacy template inventoried; field/content comparison not completed"
"pages/dtic/fapendingapplicants.html","dtic","Legacy template inventoried; field/content comparison not completed"
"pages/dtic/fapendingapplicantsapparel.html","dtic","Legacy template inventoried; field/content comparison not completed"
"pages/dtic/fapendingapplicantsunit.html","dtic","Legacy template inventoried; field/content comparison not completed"
"pages/dtic/fapendingapplicantsunit_old.html","dtic","Legacy template inventoried; field/content comparison not completed"
"pages/dtic/fazonalacceptanceamountdetail.html","dtic","Legacy template inventoried; field/content comparison not completed"
"pages/dtic/faZonalStatusUnit.html","dtic","Legacy template inventoried; field/content comparison not completed"
"pages/dtic/groupLoi.html","dtic","Legacy template inventoried; field/content comparison not completed"
"pages/dtic/groupLoi2.html","dtic","Legacy template inventoried; field/content comparison not completed"
"pages/dtic/id/applicantListForNotice.html","dtic","Legacy template inventoried; field/content comparison not completed"
"pages/dtic/id/backlogLandAllotment.html","dtic","Legacy template inventoried; field/content comparison not completed"
"pages/dtic/id/issueNotice.html","dtic","Legacy template inventoried; field/content comparison not completed"
"pages/dtic/id/locPaymentDetails.html","dtic","Legacy template inventoried; field/content comparison not completed"
"pages/dtic/id/reviewCompliance.html","dtic","Legacy template inventoried; field/content comparison not completed"
"pages/dtic/id/reviewConditionalComplianceIC.html","dtic","Legacy template inventoried; field/content comparison not completed"
"pages/dtic/id/reviewConditionalComplianceZO.html","dtic","Legacy template inventoried; field/content comparison not completed"
"pages/dtic/id/viewAnnualPaymentDetails.html","dtic","Legacy template inventoried; field/content comparison not completed"
"pages/dtic/id/viewAnnualPaymentHistory.html","dtic","Legacy template inventoried; field/content comparison not completed"
"pages/dtic/id/viewICAppeal.html","dtic","Legacy template inventoried; field/content comparison not completed"
"pages/dtic/id/viewICAppealHearing.html","dtic","Legacy template inventoried; field/content comparison not completed"
"pages/dtic/id/viewICConditionalDecision.html","dtic","Legacy template inventoried; field/content comparison not completed"
"pages/dtic/id/viewLOCDetails.html","dtic","Legacy template inventoried; field/content comparison not completed"
"pages/dtic/id/viewPrintNoticeHistory.html","dtic","Legacy template inventoried; field/content comparison not completed"
"pages/dtic/id/viewZOAppeal.html","dtic","Legacy template inventoried; field/content comparison not completed"
"pages/dtic/id/viewZOAppealHearing.html","dtic","Legacy template inventoried; field/content comparison not completed"
"pages/dtic/id/viewZOConditionalDecision.html","dtic","Legacy template inventoried; field/content comparison not completed"
"pages/dtic/idInspectionQuery.html","dtic","Legacy template inventoried; field/content comparison not completed"
"pages/dtic/idInspectionStatus.html","dtic","Legacy template inventoried; field/content comparison not completed"
"pages/dtic/idPendingApplicantList.html","dtic","Legacy template inventoried; field/content comparison not completed"
"pages/dtic/inprocessapplicantlist.html","dtic","Legacy template inventoried; field/content comparison not completed"
"pages/dtic/inprocessyuvaudhamiapplicants.html","dtic","Legacy template inventoried; field/content comparison not completed"
"pages/dtic/issueNotice.html","dtic","Legacy template inventoried; field/content comparison not completed"
"pages/dtic/landTransfer.html","dtic","Legacy template inventoried; field/content comparison not completed"
"pages/dtic/LOIForm.html","dtic","Legacy template inventoried; field/content comparison not completed"
"pages/dtic/manufacturingenterprisereportform.html","dtic","Legacy template inventoried; field/content comparison not completed"
"pages/dtic/mediumlevelreportform.html","dtic","Legacy template inventoried; field/content comparison not completed"
"pages/dtic/microlevelreportform.html","dtic","Legacy template inventoried; field/content comparison not completed"
"pages/dtic/msmeapplicationlist.html","dtic","Legacy template inventoried; field/content comparison not completed"
"pages/dtic/noapplicantdetailfound.html","dtic","Legacy template inventoried; field/content comparison not completed"
"pages/dtic/ox1Form.html","dtic","Legacy template inventoried; field/content comparison not completed"
"pages/dtic/ox2Form.html","dtic","Legacy template inventoried; field/content comparison not completed"
"pages/dtic/ox3Form.html","dtic","Legacy template inventoried; field/content comparison not completed"
"pages/dtic/ox4Form.html","dtic","Legacy template inventoried; field/content comparison not completed"
"pages/dtic/powerBiDashbord.html","dtic","Legacy template inventoried; field/content comparison not completed"
"pages/dtic/querybydtic.html","dtic","Legacy template inventoried; field/content comparison not completed"
"pages/dtic/resubmittedapplicantlist.html","dtic","Legacy template inventoried; field/content comparison not completed"
"pages/dtic/resubmittedapplicationslist.html","dtic","Legacy template inventoried; field/content comparison not completed"
"pages/dtic/resubmittedyuvaudhamiapplicantlist.html","dtic","Legacy template inventoried; field/content comparison not completed"
"pages/dtic/sendbackapplicationslist.html","dtic","Legacy template inventoried; field/content comparison not completed"
"pages/dtic/serviceenterprisereportform.html","dtic","Legacy template inventoried; field/content comparison not completed"
"pages/dtic/smalllevelreportform.html","dtic","Legacy template inventoried; field/content comparison not completed"
"pages/dtic/supplierInfo.html","dtic","Legacy template inventoried; field/content comparison not completed"
"pages/dtic/supplierNameList.html","dtic","Legacy template inventoried; field/content comparison not completed"
"pages/dtic/supplyNameList.html","dtic","Legacy template inventoried; field/content comparison not completed"
"pages/dtic/tenderDetails.html","dtic","Legacy template inventoried; field/content comparison not completed"
"pages/dtic/updateStatus.html","dtic","Legacy template inventoried; field/content comparison not completed"
"pages/dtic/uploadBankCoveringLetter.html","dtic","Legacy template inventoried; field/content comparison not completed"
"pages/dtic/uploadLeaseLetter.html","dtic","Legacy template inventoried; field/content comparison not completed"
"pages/dtic/uploadLOILetter.html","dtic","Legacy template inventoried; field/content comparison not completed"
"pages/dtic/uploadPossessionLetter.html","dtic","Legacy template inventoried; field/content comparison not completed"
"pages/dtic/viewAllotmentLetter.html","dtic","Legacy template inventoried; field/content comparison not completed"
"pages/dtic/viewapplicantdetail.html","dtic","Legacy template inventoried; field/content comparison not completed"
"pages/dtic/viewapplicantdocuments.html","dtic","Legacy template inventoried; field/content comparison not completed"
"pages/dtic/viewApplicationDetail.html","dtic","Legacy template inventoried; field/content comparison not completed"
"pages/dtic/viewapplicationsacceptedbybank.html","dtic","Legacy template inventoried; field/content comparison not completed"
"pages/dtic/viewapplicationsacceptedbydtfc.html","dtic","Legacy template inventoried; field/content comparison not completed"
"pages/dtic/viewapplicationsacceptedbydtic.html","dtic","Legacy template inventoried; field/content comparison not completed"
"pages/dtic/viewapplicationsrejectedbybank.html","dtic","Legacy template inventoried; field/content comparison not completed"
"pages/dtic/viewapplicationsrejectedbydtfc.html","dtic","Legacy template inventoried; field/content comparison not completed"
"pages/dtic/viewapplicationsrejectedbydtic.html","dtic","Legacy template inventoried; field/content comparison not completed"
"pages/dtic/viewBusinessScheme.html","dtic","Legacy template inventoried; field/content comparison not completed"
"pages/dtic/viewCollectorRate.html","dtic","Legacy template inventoried; field/content comparison not completed"
"pages/dtic/viewdownloadfaacceptanceform.html","dtic","Legacy template inventoried; field/content comparison not completed"
"pages/dtic/viewdownloadfazonalacceptanceform.html","dtic","Legacy template inventoried; field/content comparison not completed"
"pages/dtic/viewEditSupplierNameForm.html","dtic","Legacy template inventoried; field/content comparison not completed"
"pages/dtic/viewEditSupplyNameForm.html","dtic","Legacy template inventoried; field/content comparison not completed"
"pages/dtic/viewfaacceptanceamountdetailunit.html","dtic","Legacy template inventoried; field/content comparison not completed"
"pages/dtic/viewfaCommitteeStatusUnit.html","dtic","Legacy template inventoried; field/content comparison not completed"
"pages/dtic/viewfaDisbursementUnit.html","dtic","Legacy template inventoried; field/content comparison not completed"
"pages/dtic/viewfaDisbursementUnit_old.html","dtic","Legacy template inventoried; field/content comparison not completed"
"pages/dtic/viewIdDocumentsUpload.html","dtic","Legacy template inventoried; field/content comparison not completed"
"pages/dtic/viewIndustrialAreaRate.html","dtic","Legacy template inventoried; field/content comparison not completed"
"pages/dtic/viewmsmedetail.html","dtic","Legacy template inventoried; field/content comparison not completed"
"pages/dtic/viewmsmeeditform.html","dtic","Legacy template inventoried; field/content comparison not completed"
"pages/dtic/viewmsmeform.html","dtic","Legacy template inventoried; field/content comparison not completed"
"pages/dtic/viewprojectreport.html","dtic","Legacy template inventoried; field/content comparison not completed"
"pages/dtic/viewprojectreportpending.html","dtic","Legacy template inventoried; field/content comparison not completed"
"pages/dtic/viewserviceorindustryscheme.html","dtic","Legacy template inventoried; field/content comparison not completed"
"pages/dtic/viewtfcletterform.html","dtic","Legacy template inventoried; field/content comparison not completed"
"pages/dtic/viewyuapplicantdetail.html","dtic","Legacy template inventoried; field/content comparison not completed"
"pages/dtic/viewyuapplicantdocuments.html","dtic","Legacy template inventoried; field/content comparison not completed"
"pages/dtic/viewyuprojectreport.html","dtic","Legacy template inventoried; field/content comparison not completed"
"pages/dtic/viewyuprojectreportpending.html","dtic","Legacy template inventoried; field/content comparison not completed"
"pages/dtic/yuvaudhamiapplicantlist.html","dtic","Legacy template inventoried; field/content comparison not completed"
"pages/employee/letterList.html","employee","Legacy template inventoried; field/content comparison not completed"
"pages/employee/updateProcess.html","employee","Legacy template inventoried; field/content comparison not completed"
"pages/errorPage.html","errorPage.html","Legacy template inventoried; field/content comparison not completed"
"pages/fa/faacceptanceamountdetailunit.html","fa","Legacy template inventoried; field/content comparison not completed"
"pages/fa/faCommitteesStatusUnit.html","fa","Legacy template inventoried; field/content comparison not completed"
"pages/fa/faDisbursementUnit.html","fa","Legacy template inventoried; field/content comparison not completed"
"pages/fa/faDisbursementUnit_new1.html","fa","Legacy template inventoried; field/content comparison not completed"
"pages/fa/faDisbursementUnit_new2.html","fa","Legacy template inventoried; field/content comparison not completed"
"pages/fa/faHome.html","fa","Legacy template inventoried; field/content comparison not completed"
"pages/fa/faOtherUploadDocuments.html","fa","Legacy template inventoried; field/content comparison not completed"
"pages/fa/fapendingapplicantsunit.html","fa","Legacy template inventoried; field/content comparison not completed"
"pages/fa/financialReportDitrictWise.html","fa","Legacy template inventoried; field/content comparison not completed"
"pages/fa/financialReportSchemeWise.html","fa","Legacy template inventoried; field/content comparison not completed"
"pages/fa/infradevelopmetList.html","fa","Legacy template inventoried; field/content comparison not completed"
"pages/fa/msmeDetailReportList.html","fa","Legacy template inventoried; field/content comparison not completed"
"pages/fa/msmeDetailsReportDistrictWise.html","fa","Legacy template inventoried; field/content comparison not completed"
"pages/fa/powerBiDashbord.html","fa","Legacy template inventoried; field/content comparison not completed"
"pages/fa/querybydtic.html","fa","Legacy template inventoried; field/content comparison not completed"
"pages/fa/report.html","fa","Legacy template inventoried; field/content comparison not completed"
"pages/fa/reportScheme.html","fa","Legacy template inventoried; field/content comparison not completed"
"pages/fa/sanctionedVsDisbursementReport.html","fa","Legacy template inventoried; field/content comparison not completed"
"pages/fa/updateStatus.html","fa","Legacy template inventoried; field/content comparison not completed"
"pages/fa/viewFADetailUnitNew2.html","fa","Legacy template inventoried; field/content comparison not completed"
"pages/fa/viewfaDisbursementUnit.html","fa","Legacy template inventoried; field/content comparison not completed"
"pages/fa/viewfaInfrastructure.html","fa","Legacy template inventoried; field/content comparison not completed"
"pages/forgotpassword.html","forgotpassword.html","Legacy template inventoried; field/content comparison not completed"
"pages/forgotusername.html","forgotusername.html","Legacy template inventoried; field/content comparison not completed"
"pages/grievanceApplicant/dashboard.html","grievanceApplicant","Legacy template inventoried; field/content comparison not completed"
"pages/grievanceApplicant/grievanceApplicantHome.html","grievanceApplicant","Legacy template inventoried; field/content comparison not completed"
"pages/grievanceApplicant/userGrievanceRedressalForm.html","grievanceApplicant","Legacy template inventoried; field/content comparison not completed"
"pages/grievanceApplicant/userGrievanceReplyForm.html","grievanceApplicant","Legacy template inventoried; field/content comparison not completed"
"pages/grievanceApplicant/userLodgedGrievancesList.html","grievanceApplicant","Legacy template inventoried; field/content comparison not completed"
"pages/grievanceApplicant/viewUserGrievanceRedressal.html","grievanceApplicant","Legacy template inventoried; field/content comparison not completed"
"pages/icOffice/audit/cagReportEnterICOpinionForm.html","icOffice","Legacy template inventoried; field/content comparison not completed"
"pages/icOffice/audit/cagReportListForIC.html","icOffice","Legacy template inventoried; field/content comparison not completed"
"pages/icOffice/audit/externalAuditListForIC.html","icOffice","Legacy template inventoried; field/content comparison not completed"
"pages/icOffice/audit/icExternalAuditEnterOpinion.html","icOffice","Legacy template inventoried; field/content comparison not completed"
"pages/icOffice/audit/icInternalAuditEnterOpinion.html","icOffice","Legacy template inventoried; field/content comparison not completed"
"pages/icOffice/audit/internalAuditListForIC.html","icOffice","Legacy template inventoried; field/content comparison not completed"
"pages/icOffice/audit/pacReportEnterICOpinionForm.html","icOffice","Legacy template inventoried; field/content comparison not completed"
"pages/icOffice/audit/pacReportListForIC.html","icOffice","Legacy template inventoried; field/content comparison not completed"
"pages/icOffice/audit/viewIcOpinionCagIndiaReport.html","icOffice","Legacy template inventoried; field/content comparison not completed"
"pages/icOffice/coordination/inspectionDetails.html","icOffice","Legacy template inventoried; field/content comparison not completed"
"pages/icOffice/coordination/printInspectionRoster.html","icOffice","Legacy template inventoried; field/content comparison not completed"
"pages/icOffice/coordination/viewInspectionOffice.html","icOffice","Legacy template inventoried; field/content comparison not completed"
"pages/icOffice/dashboard.html","icOffice","Legacy template inventoried; field/content comparison not completed"
"pages/icOffice/icOfficeHome.html","icOffice","Legacy template inventoried; field/content comparison not completed"
"pages/icOffice/id/appealHearingDate.html","icOffice","Legacy template inventoried; field/content comparison not completed"
"pages/icOffice/id/appealHearings.html","icOffice","Legacy template inventoried; field/content comparison not completed"
"pages/icOffice/id/appealList.html","icOffice","Legacy template inventoried; field/content comparison not completed"
"pages/icOffice/id/icAppealHearings.html","icOffice","Legacy template inventoried; field/content comparison not completed"
"pages/icOffice/id/reviewConditionalComplianceIC.html","icOffice","Legacy template inventoried; field/content comparison not completed"
"pages/icOffice/id/updateAppealHearing.html","icOffice","Legacy template inventoried; field/content comparison not completed"
"pages/icOffice/id/viewAppealHearing.html","icOffice","Legacy template inventoried; field/content comparison not completed"
"pages/icOffice/id/viewApplicantForm.html","icOffice","Legacy template inventoried; field/content comparison not completed"
"pages/icOffice/id/viewICConditionalDecision.html","icOffice","Legacy template inventoried; field/content comparison not completed"
"pages/icOffice/id/viewPrintNoticeHistory.html","icOffice","Legacy template inventoried; field/content comparison not completed"
"pages/icOffice/id/viewZOConditionalDecision.html","icOffice","Legacy template inventoried; field/content comparison not completed"
"pages/icOffice/id/zoAppealHearings.html","icOffice","Legacy template inventoried; field/content comparison not completed"
"pages/id/applicantList.html","id","Legacy template inventoried; field/content comparison not completed"
"pages/id/applicationList.html","id","Legacy template inventoried; field/content comparison not completed"
"pages/id/completeDataOfLandApplicant.html","id","Legacy template inventoried; field/content comparison not completed"
"pages/id/dashboard.html","id","Legacy template inventoried; field/content comparison not completed"
"pages/id/EsignPaymentPendencyReport.html","id","Legacy template inventoried; field/content comparison not completed"
"pages/id/idHome.html","id","Legacy template inventoried; field/content comparison not completed"
"pages/id/legacyData.html","id","Legacy template inventoried; field/content comparison not completed"
"pages/id/msmeapplicationlist.html","id","Legacy template inventoried; field/content comparison not completed"
"pages/id/powerBiDashbord.html","id","Legacy template inventoried; field/content comparison not completed"
"pages/id/vacantLandList.html","id","Legacy template inventoried; field/content comparison not completed"
"pages/id/viewAllUsers.html","id","Legacy template inventoried; field/content comparison not completed"
"pages/id/viewAnnualPaymentDetails.html","id","Legacy template inventoried; field/content comparison not completed"
"pages/id/viewAnnualPaymentHistory.html","id","Legacy template inventoried; field/content comparison not completed"
"pages/id/viewApplicationDetail.html","id","Legacy template inventoried; field/content comparison not completed"
"pages/id/viewICAppeal.html","id","Legacy template inventoried; field/content comparison not completed"
"pages/id/viewICAppealHearing.html","id","Legacy template inventoried; field/content comparison not completed"
"pages/id/viewICConditionalDecision.html","id","Legacy template inventoried; field/content comparison not completed"
"pages/id/viewmsmedetail.html","id","Legacy template inventoried; field/content comparison not completed"
"pages/id/viewNoticeAndAppealDetails.html","id","Legacy template inventoried; field/content comparison not completed"
"pages/id/viewPrintNoticeHistory.html","id","Legacy template inventoried; field/content comparison not completed"
"pages/id/viewVacantLandForm.html","id","Legacy template inventoried; field/content comparison not completed"
"pages/id/viewZOAppeal.html","id","Legacy template inventoried; field/content comparison not completed"
"pages/id/viewZOAppealHearing.html","id","Legacy template inventoried; field/content comparison not completed"
"pages/id/viewZOConditionalDecision.html","id","Legacy template inventoried; field/content comparison not completed"
"pages/idLanding/idLandingHome.html","idLanding","Legacy template inventoried; field/content comparison not completed"
"pages/idLanding/vacantLandListLanding.html","idLanding","Legacy template inventoried; field/content comparison not completed"
"pages/idLanding/vacantLandListLandingUL.html","idLanding","Legacy template inventoried; field/content comparison not completed"
"pages/idLanding/viewKmlMapPage.html","idLanding","Legacy template inventoried; field/content comparison not completed"
"pages/idLanding/viewKmlMapPage1.html","idLanding","Legacy template inventoried; field/content comparison not completed"
"pages/incubation/helpSupportForm.html","incubation","Legacy template inventoried; field/content comparison not completed"
"pages/incubation/mpGrievanceRedressalForm.html","incubation","Legacy template inventoried; field/content comparison not completed"
"pages/incubation/mpGrievanceViewPrintForm.html","incubation","Legacy template inventoried; field/content comparison not completed"
"pages/incubation/mpIncubationHome.html","incubation","Legacy template inventoried; field/content comparison not completed"
"pages/incubation/mpIncubationRegistrationForm.html","incubation","Legacy template inventoried; field/content comparison not completed"
"pages/incubation/mpIncubationScheme.html","incubation","Legacy template inventoried; field/content comparison not completed"
"pages/incubation/mpIncubationViewPrintForm.html","incubation","Legacy template inventoried; field/content comparison not completed"
"pages/incubation/mpStartupBenefitsForm.html","incubation","Legacy template inventoried; field/content comparison not completed"
"pages/incubation/mpStartupBenefitsViewPrintForm.html","incubation","Legacy template inventoried; field/content comparison not completed"
"pages/incubation/mpStartupBenefitsViewPrintForm_mbfc.html","incubation","Legacy template inventoried; field/content comparison not completed"
"pages/incubation/mpStartupRegistrationForm.html","incubation","Legacy template inventoried; field/content comparison not completed"
"pages/incubation/mpStartupScheme.html","incubation","Legacy template inventoried; field/content comparison not completed"
"pages/incubation/mpStartupViewPrintForm.html","incubation","Legacy template inventoried; field/content comparison not completed"
"pages/ldm/batches.html","ldm","Legacy template inventoried; field/content comparison not completed"
"pages/ldm/dashboard.html","ldm","Legacy template inventoried; field/content comparison not completed"
"pages/ldm/detail.html","ldm","Legacy template inventoried; field/content comparison not completed"
"pages/ldm/ldmhome.html","ldm","Legacy template inventoried; field/content comparison not completed"
"pages/ldm/verification.html","ldm","Legacy template inventoried; field/content comparison not completed"
"pages/legal/addCaseHearing.html","legal","Legacy template inventoried; field/content comparison not completed"
"pages/legal/addOIC.html","legal","Legacy template inventoried; field/content comparison not completed"
"pages/legal/addOICCaseHearing.html","legal","Legacy template inventoried; field/content comparison not completed"
"pages/legal/caseList.html","legal","Legacy template inventoried; field/content comparison not completed"
"pages/legal/createCase.html","legal","Legacy template inventoried; field/content comparison not completed"
"pages/legal/dashboard.html","legal","Legacy template inventoried; field/content comparison not completed"
"pages/legal/legalHome.html","legal","Legacy template inventoried; field/content comparison not completed"
"pages/legal/legalOICHome.html","legal","Legacy template inventoried; field/content comparison not completed"
"pages/legal/oicCaseList.html","legal","Legacy template inventoried; field/content comparison not completed"
"pages/legal/oicList.html","legal","Legacy template inventoried; field/content comparison not completed"
"pages/legal/oicUpdateCase.html","legal","Legacy template inventoried; field/content comparison not completed"
"pages/legal/oicViewCase.html","legal","Legacy template inventoried; field/content comparison not completed"
"pages/legal/reopenCase.html","legal","Legacy template inventoried; field/content comparison not completed"
"pages/legal/resetPassword.html","legal","Legacy template inventoried; field/content comparison not completed"
"pages/legal/viewCase.html","legal","Legacy template inventoried; field/content comparison not completed"
"pages/legal/viewCaseDetails.html","legal","Legacy template inventoried; field/content comparison not completed"
"pages/legal/viewCaseHearing.html","legal","Legacy template inventoried; field/content comparison not completed"
"pages/legal/viewOIC.html","legal","Legacy template inventoried; field/content comparison not completed"
"pages/legal/viewOICCaseDetails.html","legal","Legacy template inventoried; field/content comparison not completed"
"pages/legal/viewOICCaseHearing.html","legal","Legacy template inventoried; field/content comparison not completed"
"pages/legal/viewPrintCase.html","legal","Legacy template inventoried; field/content comparison not completed"
"pages/legal/viewPrintCaseHearing.html","legal","Legacy template inventoried; field/content comparison not completed"
"pages/loginauth.html","loginauth.html","Legacy template inventoried; field/content comparison not completed"
"pages/loginauth_forgotuserid.html","loginauth_forgotuserid.html","Legacy template inventoried; field/content comparison not completed"
"pages/mbfc/dashboard.html","mbfc","Legacy template inventoried; field/content comparison not completed"
"pages/mbfc/incubationRegistrationsList.html","mbfc","Legacy template inventoried; field/content comparison not completed"
"pages/mbfc/lodgedGrievancesList.html","mbfc","Legacy template inventoried; field/content comparison not completed"
"pages/mbfc/mbfcHome.html","mbfc","Legacy template inventoried; field/content comparison not completed"
"pages/mbfc/mpGrievanceReplyForm.html","mbfc","Legacy template inventoried; field/content comparison not completed"
"pages/mbfc/mpGrievanceSendReminder.html","mbfc","Legacy template inventoried; field/content comparison not completed"
"pages/mbfc/startupBenefitsRegistrationsList.html","mbfc","Legacy template inventoried; field/content comparison not completed"
"pages/mbfc/startupRegistrationsList.html","mbfc","Legacy template inventoried; field/content comparison not completed"
"pages/mbfc/supportQueriesList.html","mbfc","Legacy template inventoried; field/content comparison not completed"
"pages/mbfc/viewGrievanceRedressal.html","mbfc","Legacy template inventoried; field/content comparison not completed"
"pages/mbfc/viewIncubationRegistration.html","mbfc","Legacy template inventoried; field/content comparison not completed"
"pages/mbfc/viewStartupRegistration.html","mbfc","Legacy template inventoried; field/content comparison not completed"
"pages/msefc/dashboard.html","msefc","Legacy template inventoried; field/content comparison not completed"
"pages/msefc/landing/caseListLanding.html","msefc","Legacy template inventoried; field/content comparison not completed"
"pages/msefc/landing/msefcLandingHome.html","msefc","Legacy template inventoried; field/content comparison not completed"
"pages/msefc/landing/viewAndPrintCase.html","msefc","Legacy template inventoried; field/content comparison not completed"
"pages/msefc/msefcCaseList.html","msefc","Legacy template inventoried; field/content comparison not completed"
"pages/msefc/msefcForm.html","msefc","Legacy template inventoried; field/content comparison not completed"
"pages/msefc/msefcHome.html","msefc","Legacy template inventoried; field/content comparison not completed"
"pages/msefc/updateCase.html","msefc","Legacy template inventoried; field/content comparison not completed"
"pages/msefc/viewAndEditCase.html","msefc","Legacy template inventoried; field/content comparison not completed"
"pages/msefc/viewAndPrintCase.html","msefc","Legacy template inventoried; field/content comparison not completed"
"pages/msefc/viewAndPrintCaseHearing.html","msefc","Legacy template inventoried; field/content comparison not completed"
"pages/msme/applicantAwardList.html","msme","Legacy template inventoried; field/content comparison not completed"
"pages/msme/applicantsAwardList.html","msme","Legacy template inventoried; field/content comparison not completed"
"pages/msme/applicantStartupAwardList.html","msme","Legacy template inventoried; field/content comparison not completed"
"pages/msme/applyMsmeAwardForm.html","msme","Legacy template inventoried; field/content comparison not completed"
"pages/msme/awardForm.html","msme","Legacy template inventoried; field/content comparison not completed"
"pages/msme/awardList.html","msme","Legacy template inventoried; field/content comparison not completed"
"pages/msme/dashboard.html","msme","Legacy template inventoried; field/content comparison not completed"
"pages/msme/declareResult.html","msme","Legacy template inventoried; field/content comparison not completed"
"pages/msme/editMsmeAward.html","msme","Legacy template inventoried; field/content comparison not completed"
"pages/msme/editMsmeAwardForm.html","msme","Legacy template inventoried; field/content comparison not completed"
"pages/msme/evalutionCommittteform.html","msme","Legacy template inventoried; field/content comparison not completed"
"pages/msme/evalutionHOforCommitteeMember.html","msme","Legacy template inventoried; field/content comparison not completed"
"pages/msme/evalutionStageform.html","msme","Legacy template inventoried; field/content comparison not completed"
"pages/msme/icOfficeAwardList.html","msme","Legacy template inventoried; field/content comparison not completed"
"pages/msme/icOfficeEditMsmeAward.html","msme","Legacy template inventoried; field/content comparison not completed"
"pages/msme/msmeAwardDocUploadForm.html","msme","Legacy template inventoried; field/content comparison not completed"
"pages/msme/msmeHome.html","msme","Legacy template inventoried; field/content comparison not completed"
"pages/msme/openApplicantForHOEvaluation.html","msme","Legacy template inventoried; field/content comparison not completed"
"pages/msme/uploadMsmeSAwardDocs.html","msme","Legacy template inventoried; field/content comparison not completed"
"pages/msme/viewApplicantForHOEvaluation.html","msme","Legacy template inventoried; field/content comparison not completed"
"pages/msme/viewMsmeAward.html","msme","Legacy template inventoried; field/content comparison not completed"
"pages/msme/viewMsmeAwardForm.html","msme","Legacy template inventoried; field/content comparison not completed"
"pages/msme/viewMsmeAwardForm_old.html","msme","Legacy template inventoried; field/content comparison not completed"
"pages/msme/viewStartupAwardForm.html","msme","Legacy template inventoried; field/content comparison not completed"
"pages/msme/viewWinners.html","msme","Legacy template inventoried; field/content comparison not completed"
"pages/nodatafound.html","nodatafound.html","Legacy template inventoried; field/content comparison not completed"
"pages/ox1Report.html","ox1Report.html","Legacy template inventoried; field/content comparison not completed"
"pages/presignup.html","presignup.html","Legacy template inventoried; field/content comparison not completed"
"pages/presignupauth.html","presignupauth.html","Legacy template inventoried; field/content comparison not completed"
"pages/report1.html","report1.html","Legacy template inventoried; field/content comparison not completed"
"pages/report2.html","report2.html","Legacy template inventoried; field/content comparison not completed"
"pages/secretary/batches.html","secretary","Legacy template inventoried; field/content comparison not completed"
"pages/secretary/dashboard.html","secretary","Legacy template inventoried; field/content comparison not completed"
"pages/secretary/detail.html","secretary","Legacy template inventoried; field/content comparison not completed"
"pages/secretary/secretaryhome.html","secretary","Legacy template inventoried; field/content comparison not completed"
"pages/secretary/verification.html","secretary","Legacy template inventoried; field/content comparison not completed"
"pages/section/applicantlist.html","section","Legacy template inventoried; field/content comparison not completed"
"pages/section/changepassword.html","section","Legacy template inventoried; field/content comparison not completed"
"pages/section/dashboard.html","section","Legacy template inventoried; field/content comparison not completed"
"pages/section/firstPasswordChange.html","section","Legacy template inventoried; field/content comparison not completed"
"pages/section/holdLandAllotmentList.html","section","Legacy template inventoried; field/content comparison not completed"
"pages/section/home.html","section","Legacy template inventoried; field/content comparison not completed"
"pages/section/releaseLandAllotmentList.html","section","Legacy template inventoried; field/content comparison not completed"
"pages/section/sectionofficehome.html","section","Legacy template inventoried; field/content comparison not completed"
"pages/section/updateindustryprofileapplicant.html","section","Legacy template inventoried; field/content comparison not completed"
"pages/section/updateprofile.html","section","Legacy template inventoried; field/content comparison not completed"
"pages/section/updateprofileapplicant.html","section","Legacy template inventoried; field/content comparison not completed"
"pages/section/viewBusinessScheme.html","section","Legacy template inventoried; field/content comparison not completed"
"pages/section/viewprojectreport.html","section","Legacy template inventoried; field/content comparison not completed"
"pages/section/viewserviceorindustryscheme.html","section","Legacy template inventoried; field/content comparison not completed"
"pages/section/viewyuprojectreport.html","section","Legacy template inventoried; field/content comparison not completed"
"pages/section/yuvaudhamiapplicantlist.html","section","Legacy template inventoried; field/content comparison not completed"
"pages/signup.html","signup.html","Legacy template inventoried; field/content comparison not completed"
"pages/startupCenter/startupCenterDashboard.html","startupCenter","Legacy template inventoried; field/content comparison not completed"
"pages/startupCenter/startupCenterHome.html","startupCenter","Legacy template inventoried; field/content comparison not completed"
"pages/success.html","success.html","Legacy template inventoried; field/content comparison not completed"
"pages/textile/editSubsidyClaim.html","textile","Legacy template inventoried; field/content comparison not completed"
"pages/textile/enterSubsidyClaim.html","textile","Legacy template inventoried; field/content comparison not completed"
"pages/textile/subsidyClaimHistory.html","textile","Legacy template inventoried; field/content comparison not completed"
"pages/textile/subsidyClaimList.html","textile","Legacy template inventoried; field/content comparison not completed"
"pages/textile/textileDashboard.html","textile","Legacy template inventoried; field/content comparison not completed"
"pages/textile/textileHome.html","textile","Legacy template inventoried; field/content comparison not completed"
"pages/textile/uploadSanctionOrder.html","textile","Legacy template inventoried; field/content comparison not completed"
"pages/textile/uploadUtilityCertificate.html","textile","Legacy template inventoried; field/content comparison not completed"
"pages/textile/viewPrintSubsidyClaim.html","textile","Legacy template inventoried; field/content comparison not completed"
"pages/website/advanceSearch/advanceSearchHome.html","website","Legacy template inventoried; field/content comparison not completed"
"pages/website/advanceSearch/advanceSearchHome2.html","website","Legacy template inventoried; field/content comparison not completed"
"pages/website/advanceSearch/advanceSearchListing.html","website","Legacy template inventoried; field/content comparison not completed"
"pages/website/advanceSearch/advanceSearchListing2.html","website","Legacy template inventoried; field/content comparison not completed"
"pages/website/advanceSearch.html","website","Legacy template inventoried; field/content comparison not completed"
"pages/website/albums.html","website","Legacy template inventoried; field/content comparison not completed"
"pages/website/downloads.html","website","Legacy template inventoried; field/content comparison not completed"
"pages/website/events.html","website","Legacy template inventoried; field/content comparison not completed"
"pages/website/gallery.html","website","Legacy template inventoried; field/content comparison not completed"
"pages/website/login.html","website","Legacy template inventoried; field/content comparison not completed"
"pages/website/menuDisplay.html","website","Legacy template inventoried; field/content comparison not completed"
"pages/website/msmemain.html","website","Legacy template inventoried; field/content comparison not completed"
"pages/website/orderCirculars.html","website","Legacy template inventoried; field/content comparison not completed"
"pages/website/screenReader.html","website","Legacy template inventoried; field/content comparison not completed"
"pages/website/search.html","website","Legacy template inventoried; field/content comparison not completed"
"pages/website/usefulLinks.html","website","Legacy template inventoried; field/content comparison not completed"
"pages/website/whatsNew.html","website","Legacy template inventoried; field/content comparison not completed"
"pages/zonal/applicantlist.html","zonal","Legacy template inventoried; field/content comparison not completed"
"pages/zonal/audit/externalAuditListForZonal.html","zonal","Legacy template inventoried; field/content comparison not completed"
"pages/zonal/audit/factualDetailListForZonal.html","zonal","Legacy template inventoried; field/content comparison not completed"
"pages/zonal/audit/internalAuditListForZonal.html","zonal","Legacy template inventoried; field/content comparison not completed"
"pages/zonal/audit/proformaClauseListForZonal.html","zonal","Legacy template inventoried; field/content comparison not completed"
"pages/zonal/audit/zonalExternalAuditEnterOpinion.html","zonal","Legacy template inventoried; field/content comparison not completed"
"pages/zonal/audit/zonalFactualDetailEnterOpinion.html","zonal","Legacy template inventoried; field/content comparison not completed"
"pages/zonal/audit/zonalInternalAuditEnterOpinion.html","zonal","Legacy template inventoried; field/content comparison not completed"
"pages/zonal/audit/zonalProformaClauseEnterOpinion.html","zonal","Legacy template inventoried; field/content comparison not completed"
"pages/zonal/dashboard.html","zonal","Legacy template inventoried; field/content comparison not completed"
"pages/zonal/faapplicants.html","zonal","Legacy template inventoried; field/content comparison not completed"
"pages/zonal/id/appealHearingDate.html","zonal","Legacy template inventoried; field/content comparison not completed"
"pages/zonal/id/appealHearings.html","zonal","Legacy template inventoried; field/content comparison not completed"
"pages/zonal/id/appealList.html","zonal","Legacy template inventoried; field/content comparison not completed"
"pages/zonal/id/applicationList.html","zonal","Legacy template inventoried; field/content comparison not completed"
"pages/zonal/id/reviewConditionalComplianceIC.html","zonal","Legacy template inventoried; field/content comparison not completed"
"pages/zonal/id/reviewConditionalComplianceZO.html","zonal","Legacy template inventoried; field/content comparison not completed"
"pages/zonal/id/updateAppealHearing.html","zonal","Legacy template inventoried; field/content comparison not completed"
"pages/zonal/id/viewAnnualPaymentDetails.html","zonal","Legacy template inventoried; field/content comparison not completed"
"pages/zonal/id/viewAnnualPaymentHistory.html","zonal","Legacy template inventoried; field/content comparison not completed"
"pages/zonal/id/viewAppealHearing.html","zonal","Legacy template inventoried; field/content comparison not completed"
"pages/zonal/id/viewAppealHearings.html","zonal","Legacy template inventoried; field/content comparison not completed"
"pages/zonal/id/viewApplicantForm.html","zonal","Legacy template inventoried; field/content comparison not completed"
"pages/zonal/id/viewApplicationDetail.html","zonal","Legacy template inventoried; field/content comparison not completed"
"pages/zonal/id/viewICConditionalDecision.html","zonal","Legacy template inventoried; field/content comparison not completed"
"pages/zonal/id/viewPrintNoticeHistory.html","zonal","Legacy template inventoried; field/content comparison not completed"
"pages/zonal/id/viewZOConditionalDecision.html","zonal","Legacy template inventoried; field/content comparison not completed"
"pages/zonal/msmeapplicationlist.html","zonal","Legacy template inventoried; field/content comparison not completed"
"pages/zonal/viewBusinessScheme.html","zonal","Legacy template inventoried; field/content comparison not completed"
"pages/zonal/viewFADetailApparel.html","zonal","Legacy template inventoried; field/content comparison not completed"
"pages/zonal/viewFADetailUnit.html","zonal","Legacy template inventoried; field/content comparison not completed"
"pages/zonal/viewFASchemesApparel.html","zonal","Legacy template inventoried; field/content comparison not completed"
"pages/zonal/viewFASchemesUnit.html","zonal","Legacy template inventoried; field/content comparison not completed"
"pages/zonal/viewprojectreport.html","zonal","Legacy template inventoried; field/content comparison not completed"
"pages/zonal/viewserviceorindustryscheme.html","zonal","Legacy template inventoried; field/content comparison not completed"
"pages/zonal/viewyuprojectreport.html","zonal","Legacy template inventoried; field/content comparison not completed"
"pages/zonal/yuvaudhamiapplicantlist.html","zonal","Legacy template inventoried; field/content comparison not completed"
"pages/zonal/zonalofficehome.html","zonal","Legacy template inventoried; field/content comparison not completed"
