"legacyUrl","actualReactDestination","matchedComponent","status"
"/applicant/home#/dashboard","/applicant/dashboard","ApplicantDashboard","Page component exists; functionality/content parity unverified"
"/applicant/home#/id/landApplications","/applicant/land-applications","","Missing React route (404)"
"/applicant/home#/id/landAllotment","/applicant/land-allotment","LandApplicationsPage","Page component exists; functionality/content parity unverified"
"/applicant/home#/id/vacantLands","/applicant/vacant-lands","","Missing React route (404)"
"/applicant/home#/changepassword","/applicant/change-password","ApplicantDashboard","Dashboard placeholder"
"/applicant/home#/updateindustryprofileapplicant","/applicant/industry-profile","","Missing React route (404)"
"/applicant/home#/fa/newapplicantform","/applicant/financial-assistance/new","","Missing React route (404)"
"/adminSection/home#/addOfficer","/admin/addOfficer","","Missing React route (404)"
"/dtic/home#/changepassword","/department/dtic/change-password","","Missing React route (404)"
"/idSection/home#/dashboard","/department/id/dashboard","DepartmentDashboard","Static dashboard; reused for other routes"
