"path","component","status","source"
"/","HomePage","Page component exists; functionality/content parity unverified","src/routes/AppRoutes.jsx:88"
"/about","HomePage","Homepage alias; no dedicated page","src/routes/AppRoutes.jsx:89"
"/guidelines","HomePage","Homepage alias; no dedicated page","src/routes/AppRoutes.jsx:90"
"/website/screen-reader","ScreenReaderPage","Page component exists; functionality/content parity unverified","src/routes/AppRoutes.jsx:91"
"/mpmsme/website/screen-reader","Navigate","Redirect only","src/routes/AppRoutes.jsx:92"
"/login","LoginPage","Page component exists; functionality/content parity unverified","src/routes/AppRoutes.jsx:93"
"/signup","SignUpPage","Page component exists; functionality/content parity unverified","src/routes/AppRoutes.jsx:94"
"/website/viewsignup","SignUpPage","Page component exists; functionality/content parity unverified","src/routes/AppRoutes.jsx:95"
"/forgot-password","ForgotPasswordPage","Page component exists; functionality/content parity unverified","src/routes/AppRoutes.jsx:96"
"/website/viewforgotpassword","ForgotPasswordPage","Page component exists; functionality/content parity unverified","src/routes/AppRoutes.jsx:97"
"/forgot-username","ForgotUsernamePage","Page component exists; functionality/content parity unverified","src/routes/AppRoutes.jsx:98"
"/website/viewforgotusername","ForgotUsernamePage","Page component exists; functionality/content parity unverified","src/routes/AppRoutes.jsx:99"
"/unauthorized","UnauthorizedPage","Page component exists; functionality/content parity unverified","src/routes/AppRoutes.jsx:100"
"/applicant/dashboard","ApplicantDashboard","Page component exists; functionality/content parity unverified","src/routes/AppRoutes.jsx:113"
"/applicant/land-allotment","LandApplicationsPage","Page component exists; functionality/content parity unverified","src/routes/AppRoutes.jsx:115"
"/applicant/land-allotment/new","LandAllotmentPage","Page component exists; functionality/content parity unverified","src/routes/AppRoutes.jsx:116"
"/applicant/land-allotment/explore","LandAllotmentPage","Page component exists; functionality/content parity unverified","src/routes/AppRoutes.jsx:117"
"/applicant/land-allotment/detail/:id","ApplicationDetailPage","Page component exists; functionality/content parity unverified","src/routes/AppRoutes.jsx:118"
"/applicant/financial-assistance","ApplicantDashboard","Dashboard placeholder","src/routes/AppRoutes.jsx:119"
"/applicant/status","LandApplicationsPage","Page component exists; functionality/content parity unverified","src/routes/AppRoutes.jsx:120"
"/applicant/grievances","ApplicantDashboard","Dashboard placeholder","src/routes/AppRoutes.jsx:121"
"/applicant/profile","ApplicantDashboard","Dashboard placeholder","src/routes/AppRoutes.jsx:122"
"/applicant/change-password","ApplicantDashboard","Dashboard placeholder","src/routes/AppRoutes.jsx:123"
"/applicant/first-password-change","ApplicantDashboard","Dashboard placeholder","src/routes/AppRoutes.jsx:124"
"/admin/dashboard","AdminDashboard","Static dashboard; reused for other routes","src/routes/AppRoutes.jsx:137"
"/admin/users","AdminDashboard","Static dashboard; reused for other routes","src/routes/AppRoutes.jsx:138"
"/admin/masters","AdminDashboard","Static dashboard; reused for other routes","src/routes/AppRoutes.jsx:139"
"/admin/audit-logs","AdminDashboard","Static dashboard; reused for other routes","src/routes/AppRoutes.jsx:140"
"/admin/reports","AdminDashboard","Static dashboard; reused for other routes","src/routes/AppRoutes.jsx:141"
"/admin/settings","AdminDashboard","Static dashboard; reused for other routes","src/routes/AppRoutes.jsx:142"
"/department/dashboard","DepartmentDashboard","Static dashboard; reused for other routes","src/routes/AppRoutes.jsx:155"
"/department/land-scrutiny","DepartmentDashboard","Static dashboard; reused for other routes","src/routes/AppRoutes.jsx:156"
"/department/inspections","DepartmentDashboard","Static dashboard; reused for other routes","src/routes/AppRoutes.jsx:157"
"/department/fa-approvals","DepartmentDashboard","Static dashboard; reused for other routes","src/routes/AppRoutes.jsx:158"
"/department/applications","DepartmentDashboard","Static dashboard; reused for other routes","src/routes/AppRoutes.jsx:159"
"/department/mis-reports","DepartmentDashboard","Static dashboard; reused for other routes","src/routes/AppRoutes.jsx:160"
"/department/:roleSubpath/dashboard","DepartmentDashboard","Static dashboard; reused for other routes","src/routes/AppRoutes.jsx:161"
"/applicant/home","LegacyHashRedirect","Redirect only","src/routes/AppRoutes.jsx:166"
"/applicant/home2","LegacyHashRedirect","Redirect only","src/routes/AppRoutes.jsx:167"
"/adminSection/home","LegacyHashRedirect","Redirect only","src/routes/AppRoutes.jsx:168"
"/adminSection/home2","LegacyHashRedirect","Redirect only","src/routes/AppRoutes.jsx:169"
"/dtic/home","LegacyHashRedirect","Redirect only","src/routes/AppRoutes.jsx:170"
"/dtic/home2","LegacyHashRedirect","Redirect only","src/routes/AppRoutes.jsx:171"
"/dtfc/home","LegacyHashRedirect","Redirect only","src/routes/AppRoutes.jsx:172"
"/dtfc/home2","LegacyHashRedirect","Redirect only","src/routes/AppRoutes.jsx:173"
"/bank/home","LegacyHashRedirect","Redirect only","src/routes/AppRoutes.jsx:174"
"/bank/home2","LegacyHashRedirect","Redirect only","src/routes/AppRoutes.jsx:175"
"/zonal/home","LegacyHashRedirect","Redirect only","src/routes/AppRoutes.jsx:176"
"/zonal/home2","LegacyHashRedirect","Redirect only","src/routes/AppRoutes.jsx:177"
"/section/home","LegacyHashRedirect","Redirect only","src/routes/AppRoutes.jsx:178"
"/section/home2","LegacyHashRedirect","Redirect only","src/routes/AppRoutes.jsx:179"
"/legalSection/home","LegacyHashRedirect","Redirect only","src/routes/AppRoutes.jsx:180"
"/legalSection/home2","LegacyHashRedirect","Redirect only","src/routes/AppRoutes.jsx:181"
"/legalOIC/home","LegacyHashRedirect","Redirect only","src/routes/AppRoutes.jsx:182"
"/legalOIC/home2","LegacyHashRedirect","Redirect only","src/routes/AppRoutes.jsx:183"
"/budgetPlanning/home","LegacyHashRedirect","Redirect only","src/routes/AppRoutes.jsx:184"
"/budgetPlanning/home2","LegacyHashRedirect","Redirect only","src/routes/AppRoutes.jsx:185"
"/cmcs/cmcshome","LegacyHashRedirect","Redirect only","src/routes/AppRoutes.jsx:186"
"/cmcs/cmcshome2","LegacyHashRedirect","Redirect only","src/routes/AppRoutes.jsx:187"
"/cmcsHo/cmcshome2","LegacyHashRedirect","Redirect only","src/routes/AppRoutes.jsx:188"
"/employee/home","LegacyHashRedirect","Redirect only","src/routes/AppRoutes.jsx:189"
"/employee/home2","LegacyHashRedirect","Redirect only","src/routes/AppRoutes.jsx:190"
"/msefc/home","LegacyHashRedirect","Redirect only","src/routes/AppRoutes.jsx:191"
"/msefc/home2","LegacyHashRedirect","Redirect only","src/routes/AppRoutes.jsx:192"
"/textile/home","LegacyHashRedirect","Redirect only","src/routes/AppRoutes.jsx:193"
"/textile/home2","LegacyHashRedirect","Redirect only","src/routes/AppRoutes.jsx:194"
"/coordinationSection/home","LegacyHashRedirect","Redirect only","src/routes/AppRoutes.jsx:195"
"/coordinationSection/home2","LegacyHashRedirect","Redirect only","src/routes/AppRoutes.jsx:196"
"/icOffice/home","LegacyHashRedirect","Redirect only","src/routes/AppRoutes.jsx:197"
"/icOffice/home2","LegacyHashRedirect","Redirect only","src/routes/AppRoutes.jsx:198"
"/coordinationOfficer/home","LegacyHashRedirect","Redirect only","src/routes/AppRoutes.jsx:199"
"/coordinationOfficer/home2","LegacyHashRedirect","Redirect only","src/routes/AppRoutes.jsx:200"
"/coordinationDD/home","LegacyHashRedirect","Redirect only","src/routes/AppRoutes.jsx:201"
"/coordinationDD/home2","LegacyHashRedirect","Redirect only","src/routes/AppRoutes.jsx:202"
"/coordinationJD/home","LegacyHashRedirect","Redirect only","src/routes/AppRoutes.jsx:203"
"/coordinationJD/home2","LegacyHashRedirect","Redirect only","src/routes/AppRoutes.jsx:204"
"/auditOfficer/home","LegacyHashRedirect","Redirect only","src/routes/AppRoutes.jsx:205"
"/auditOfficer/home2","LegacyHashRedirect","Redirect only","src/routes/AppRoutes.jsx:206"
"/account/home","LegacyHashRedirect","Redirect only","src/routes/AppRoutes.jsx:207"
"/account/home2","LegacyHashRedirect","Redirect only","src/routes/AppRoutes.jsx:208"
"/auditSection/home","LegacyHashRedirect","Redirect only","src/routes/AppRoutes.jsx:209"
"/auditSection/home2","LegacyHashRedirect","Redirect only","src/routes/AppRoutes.jsx:210"
"/idSection/home","LegacyHashRedirect","Redirect only","src/routes/AppRoutes.jsx:211"
"/idSection/home2","LegacyHashRedirect","Redirect only","src/routes/AppRoutes.jsx:212"
"/mbfc/home","LegacyHashRedirect","Redirect only","src/routes/AppRoutes.jsx:213"
"/mbfc/home2","LegacyHashRedirect","Redirect only","src/routes/AppRoutes.jsx:214"
"/msme/home","LegacyHashRedirect","Redirect only","src/routes/AppRoutes.jsx:215"
"/grievanceApplicant/home","LegacyHashRedirect","Redirect only","src/routes/AppRoutes.jsx:216"
"/grievanceApplicant/home2","LegacyHashRedirect","Redirect only","src/routes/AppRoutes.jsx:217"
"/committeMember/home","LegacyHashRedirect","Redirect only","src/routes/AppRoutes.jsx:218"
"/committeMember/home2","LegacyHashRedirect","Redirect only","src/routes/AppRoutes.jsx:219"
"/zonaloperator/home","LegacyHashRedirect","Redirect only","src/routes/AppRoutes.jsx:220"
"/startupCenter/home","LegacyHashRedirect","Redirect only","src/routes/AppRoutes.jsx:221"
"/fa/home","LegacyHashRedirect","Redirect only","src/routes/AppRoutes.jsx:222"
"/fa/home2","LegacyHashRedirect","Redirect only","src/routes/AppRoutes.jsx:223"
"/collector/home","LegacyHashRedirect","Redirect only","src/routes/AppRoutes.jsx:224"
"/ldm/home","LegacyHashRedirect","Redirect only","src/routes/AppRoutes.jsx:225"
"/secretary/home","LegacyHashRedirect","Redirect only","src/routes/AppRoutes.jsx:226"
"*","NotFoundPage","404 fallback","src/routes/AppRoutes.jsx:229"
